DEBUG,set([0]),0,DEBUG
DEBUG,"set([1, 775, 137, 139, 268, 783, 16, 725, 147, 788, 405, 303, 285, 286, 415, 160, 815, 162, 165, 994, 649, 682, 300, 175, 434, 51, 693, 567, 825, 444, 189, 224, 834, 196, 203, 333, 848, 338, 979, 340, 597, 89, 474, 859, 990, 96, 887, 226, 355, 740, 789, 360, 490, 109, 878, 916, 403, 503, 121, 506, 123, 381, 507])",1,DEBUG
DEBUG,set([2]),2,DEBUG
DEBUG,set([3]),3,DEBUG
DEBUG,set([4]),4,DEBUG
DEBUG,set([5]),5,DEBUG
DEBUG,set([6]),6,DEBUG
DEBUG,set([7]),7,DEBUG
DEBUG,set([8]),8,DEBUG
DEBUG,set([9]),9,DEBUG
DEBUG,"set([513, 130, 981, 645, 833, 520, 10, 908, 386, 270, 272, 145, 532, 662, 23, 281, 794, 799, 419, 710, 935, 681, 14, 427, 812, 685, 142, 947, 181, 439, 312, 372, 956, 317, 447, 897, 449, 323, 452, 581, 198, 967, 957, 695, 716, 589, 463, 595, 213, 823, 476, 95, 609, 996, 613, 1041, 495, 113, 242, 244, 250, 298, 255])",10,DEBUG
DEBUG,"set([291, 836, 325, 777, 11, 918, 941, 873, 818, 179, 85, 246, 841, 1047, 761, 879])",11,DEBUG
DEBUG,"set([640, 257, 363, 516, 1031, 12, 344, 18, 643, 404, 302, 280, 409, 154, 559, 157, 410, 161, 674, 795, 164, 550, 169, 554, 683, 556, 174, 29, 944, 690, 694, 952, 443, 316, 191, 65, 67, 69, 72, 970, 844, 77, 975, 336, 216, 90, 987, 297, 734, 353, 482, 955, 868, 229, 657, 107, 623, 114, 500, 119, 378, 383])",12,DEBUG
DEBUG,"set([128, 512, 1026, 262, 391, 13, 273, 963, 407, 923, 30, 672, 35, 679, 909, 939, 46, 177, 52, 373, 579, 584, 75, 718, 629, 976, 977, 757, 982, 475, 890, 484, 358, 913, 112, 117, 375, 505, 762, 508, 895])",13,DEBUG
DEBUG,"set([256, 385, 258, 261, 135, 136, 778, 744, 397, 15, 146, 1043, 21, 278, 25, 26, 542, 287, 293, 406, 168, 41, 171, 306, 989, 178, 755, 566, 313, 399, 60, 190, 448, 707, 737, 458, 461, 846, 212, 446, 601, 602, 91, 733, 478, 421, 481, 227, 359, 379, 620, 367, 296, 627, 628, 62, 502, 1015, 889, 251, 764, 1023])",14,DEBUG
DEBUG,set([17]),15,DEBUG
DEBUG,set([19]),16,DEBUG
DEBUG,set([20]),17,DEBUG
DEBUG,set([22]),18,DEBUG
DEBUG,set([24]),19,DEBUG
DEBUG,set([27]),20,DEBUG
DEBUG,set([28]),21,DEBUG
AUDIT,set([31]),22,AUDIT
DEBUG,set([32]),23,DEBUG
DEBUG,set([33]),24,DEBUG
AUDIT,set([34]),25,AUDIT
DEBUG,set([36]),26,DEBUG
AUDIT,set([37]),27,AUDIT
DEBUG,set([38]),28,DEBUG
DEBUG,"set([66, 292, 39, 650, 727, 428, 429, 398, 719, 401, 82, 561, 471, 184, 122, 639, 159])",29,DEBUG
DEBUG,set([40]),30,DEBUG
INFO,set([42]),31,INFO
DEBUG,set([43]),32,DEBUG
DEBUG,set([44]),33,DEBUG
DEBUG,set([45]),34,DEBUG
DEBUG,set([47]),35,DEBUG
DEBUG,set([48]),36,DEBUG
DEBUG,set([49]),37,DEBUG
INFO,set([50]),38,INFO
DEBUG,"set([61, 499, 180, 53, 345, 349])",39,DEBUG
DEBUG,set([54]),40,DEBUG
DEBUG,set([55]),41,DEBUG
DEBUG,set([56]),42,DEBUG
DEBUG,set([57]),43,DEBUG
AUDIT,set([58]),44,AUDIT
AUDIT,set([59]),45,AUDIT
DEBUG,set([63]),46,DEBUG
DEBUG,set([64]),47,DEBUG
AUDIT,set([68]),48,AUDIT
DEBUG,set([70]),49,DEBUG
DEBUG,"set([896, 771, 676, 357, 774, 103, 104, 636, 586, 71, 712, 785, 813, 368, 689, 691, 84, 470, 569, 284, 702])",50,DEBUG
DEBUG,set([73]),51,DEBUG
AUDIT,set([74]),52,AUDIT
DEBUG,set([76]),53,DEBUG
DEBUG,"set([432, 78])",54,DEBUG
DEBUG,set([79]),55,DEBUG
DEBUG,"set([898, 647, 392, 940, 787, 533, 793, 804, 172, 943, 350, 185, 314, 187, 706, 80, 867, 698, 862, 98, 763, 997, 614, 635, 894])",56,DEBUG
DEBUG,set([81]),57,DEBUG
AUDIT,set([83]),58,AUDIT
DEBUG,set([86]),59,DEBUG
AUDIT,set([87]),60,AUDIT
DEBUG,set([88]),61,DEBUG
DEBUG,set([92]),62,DEBUG
DEBUG,"set([324, 869, 455, 1001, 234, 811, 247, 600, 377, 93, 831])",63,DEBUG
DEBUG,set([94]),64,DEBUG
DEBUG,set([97]),65,DEBUG
DEBUG,set([99]),66,DEBUG
DEBUG,set([100]),67,DEBUG
DEBUG,"set([832, 225, 101, 577, 688, 603])",68,DEBUG
DEBUG,set([102]),69,DEBUG
DEBUG,set([105]),70,DEBUG
INFO,set([106]),71,INFO
DEBUG,"set([108, 949])",72,DEBUG
DEBUG,set([110]),73,DEBUG
DEBUG,set([111]),74,DEBUG
DEBUG,set([115]),75,DEBUG
DEBUG,set([116]),76,DEBUG
DEBUG,set([118]),77,DEBUG
DEBUG,"set([120, 820, 356])",78,DEBUG
DEBUG,set([124]),79,DEBUG
DEBUG,set([125]),80,DEBUG
DEBUG,set([126]),81,DEBUG
DEBUG,set([127]),82,DEBUG
AUDIT,set([129]),83,AUDIT
DEBUG,set([131]),84,DEBUG
DEBUG,"set([546, 132, 524, 686, 925, 720, 659, 857, 851, 827, 732, 669, 607])",85,DEBUG
DEBUG,set([133]),86,DEBUG
DEBUG,set([134]),87,DEBUG
DEBUG,set([138]),88,DEBUG
DEBUG,"set([1004, 140])",89,DEBUG
DEBUG,set([141]),90,DEBUG
DEBUG,set([143]),91,DEBUG
DEBUG,set([144]),92,DEBUG
DEBUG,set([148]),93,DEBUG
DEBUG,set([149]),94,DEBUG
DEBUG,"set([408, 810, 150, 735])",95,DEBUG
AUDIT,set([151]),96,AUDIT
DEBUG,set([152]),97,DEBUG
DEBUG,set([153]),98,DEBUG
DEBUG,"set([1022, 266, 155, 173, 590])",99,DEBUG
DEBUG,set([156]),100,DEBUG
DEBUG,set([158]),101,DEBUG
DEBUG,set([163]),102,DEBUG
DEBUG,set([166]),103,DEBUG
DEBUG,set([167]),104,DEBUG
DEBUG,set([170]),105,DEBUG
DEBUG,"set([176, 622])",106,DEBUG
AUDIT,set([182]),107,AUDIT
DEBUG,set([183]),108,DEBUG
DEBUG,set([186]),109,DEBUG
DEBUG,set([188]),110,DEBUG
DEBUG,set([192]),111,DEBUG
DEBUG,set([193]),112,DEBUG
DEBUG,set([194]),113,DEBUG
DEBUG,set([195]),114,DEBUG
DEBUG,"set([1000, 523, 197])",115,DEBUG
DEBUG,set([199]),116,DEBUG
DEBUG,set([200]),117,DEBUG
DEBUG,set([201]),118,DEBUG
DEBUG,set([202]),119,DEBUG
DEBUG,set([204]),120,DEBUG
DEBUG,"set([741, 547, 335, 205, 271])",121,DEBUG
DEBUG,set([206]),122,DEBUG
DEBUG,set([207]),123,DEBUG
DEBUG,set([208]),124,DEBUG
DEBUG,set([209]),125,DEBUG
DEBUG,set([210]),126,DEBUG
DEBUG,set([211]),127,DEBUG
DEBUG,set([214]),128,DEBUG
DEBUG,set([215]),129,DEBUG
DEBUG,set([217]),130,DEBUG
DEBUG,set([218]),131,DEBUG
DEBUG,set([219]),132,DEBUG
DEBUG,set([220]),133,DEBUG
DEBUG,set([221]),134,DEBUG
DEBUG,"set([424, 942, 222])",135,DEBUG
DEBUG,set([223]),136,DEBUG
DEBUG,"set([468, 995, 228])",137,DEBUG
DEBUG,set([230]),138,DEBUG
DEBUG,set([231]),139,DEBUG
DEBUG,set([232]),140,DEBUG
DEBUG,set([233]),141,DEBUG
AUDIT,set([235]),142,AUDIT
DEBUG,set([236]),143,DEBUG
AUDIT,set([237]),144,AUDIT
INFO,set([238]),145,INFO
DEBUG,set([239]),146,DEBUG
DEBUG,set([240]),147,DEBUG
AUDIT,set([241]),148,AUDIT
DEBUG,set([243]),149,DEBUG
DEBUG,set([245]),150,DEBUG
DEBUG,set([248]),151,DEBUG
DEBUG,set([249]),152,DEBUG
DEBUG,set([252]),153,DEBUG
DEBUG,set([253]),154,DEBUG
DEBUG,set([254]),155,DEBUG
DEBUG,set([259]),156,DEBUG
AUDIT,set([260]),157,AUDIT
DEBUG,set([263]),158,DEBUG
DEBUG,set([264]),159,DEBUG
DEBUG,"set([265, 494, 585])",160,DEBUG
DEBUG,set([267]),161,DEBUG
DEBUG,set([269]),162,DEBUG
DEBUG,set([274]),163,DEBUG
DEBUG,set([275]),164,DEBUG
DEBUG,"set([1016, 276])",165,DEBUG
DEBUG,set([277]),166,DEBUG
DEBUG,set([279]),167,DEBUG
WARNING,set([282]),168,WARNING
DEBUG,set([283]),169,DEBUG
DEBUG,set([288]),170,DEBUG
DEBUG,set([289]),171,DEBUG
AUDIT,set([290]),172,AUDIT
DEBUG,"set([294, 751])",173,DEBUG
DEBUG,set([295]),174,DEBUG
AUDIT,set([299]),175,AUDIT
DEBUG,set([301]),176,DEBUG
DEBUG,set([304]),177,DEBUG
DEBUG,set([305]),178,DEBUG
DEBUG,set([307]),179,DEBUG
AUDIT,set([308]),180,AUDIT
DEBUG,set([309]),181,DEBUG
DEBUG,set([310]),182,DEBUG
DEBUG,set([311]),183,DEBUG
DEBUG,"set([1034, 315])",184,DEBUG
DEBUG,"set([537, 318])",185,DEBUG
DEBUG,set([319]),186,DEBUG
DEBUG,set([320]),187,DEBUG
DEBUG,set([321]),188,DEBUG
DEBUG,set([322]),189,DEBUG
AUDIT,set([326]),190,AUDIT
AUDIT,set([327]),191,AUDIT
AUDIT,set([328]),192,AUDIT
DEBUG,set([329]),193,DEBUG
DEBUG,set([330]),194,DEBUG
DEBUG,set([331]),195,DEBUG
DEBUG,set([332]),196,DEBUG
DEBUG,set([334]),197,DEBUG
DEBUG,set([337]),198,DEBUG
DEBUG,set([339]),199,DEBUG
DEBUG,set([341]),200,DEBUG
AUDIT,set([342]),201,AUDIT
DEBUG,set([343]),202,DEBUG
DEBUG,set([346]),203,DEBUG
AUDIT,set([347]),204,AUDIT
DEBUG,set([348]),205,DEBUG
DEBUG,"set([362, 351])",206,DEBUG
DEBUG,set([352]),207,DEBUG
DEBUG,"set([354, 972])",208,DEBUG
DEBUG,set([361]),209,DEBUG
DEBUG,set([364]),210,DEBUG
DEBUG,set([365]),211,DEBUG
DEBUG,set([366]),212,DEBUG
DEBUG,set([369]),213,DEBUG
DEBUG,set([370]),214,DEBUG
DEBUG,set([371]),215,DEBUG
DEBUG,set([374]),216,DEBUG
AUDIT,set([376]),217,AUDIT
DEBUG,set([380]),218,DEBUG
DEBUG,set([382]),219,DEBUG
DEBUG,set([384]),220,DEBUG
DEBUG,set([387]),221,DEBUG
INFO,set([388]),222,INFO
DEBUG,set([389]),223,DEBUG
DEBUG,set([390]),224,DEBUG
AUDIT,set([393]),225,AUDIT
DEBUG,set([394]),226,DEBUG
DEBUG,set([395]),227,DEBUG
DEBUG,set([396]),228,DEBUG
DEBUG,set([400]),229,DEBUG
DEBUG,set([402]),230,DEBUG
DEBUG,set([411]),231,DEBUG
DEBUG,set([412]),232,DEBUG
DEBUG,set([413]),233,DEBUG
DEBUG,set([414]),234,DEBUG
DEBUG,set([416]),235,DEBUG
DEBUG,set([417]),236,DEBUG
DEBUG,set([418]),237,DEBUG
DEBUG,set([420]),238,DEBUG
DEBUG,set([422]),239,DEBUG
DEBUG,"set([945, 423])",240,DEBUG
DEBUG,set([425]),241,DEBUG
DEBUG,set([426]),242,DEBUG
AUDIT,set([430]),243,AUDIT
AUDIT,set([431]),244,AUDIT
INFO,set([433]),245,INFO
DEBUG,set([435]),246,DEBUG
DEBUG,set([436]),247,DEBUG
DEBUG,set([437]),248,DEBUG
DEBUG,set([438]),249,DEBUG
DEBUG,"set([440, 665, 637, 670, 759])",250,DEBUG
DEBUG,set([441]),251,DEBUG
DEBUG,set([442]),252,DEBUG
DEBUG,set([445]),253,DEBUG
DEBUG,set([450]),254,DEBUG
DEBUG,set([451]),255,DEBUG
DEBUG,set([453]),256,DEBUG
AUDIT,set([454]),257,AUDIT
DEBUG,set([456]),258,DEBUG
DEBUG,set([457]),259,DEBUG
DEBUG,set([459]),260,DEBUG
DEBUG,set([460]),261,DEBUG
DEBUG,set([462]),262,DEBUG
DEBUG,set([464]),263,DEBUG
DEBUG,set([465]),264,DEBUG
DEBUG,"set([466, 874, 893])",265,DEBUG
DEBUG,set([467]),266,DEBUG
DEBUG,set([469]),267,DEBUG
AUDIT,set([472]),268,AUDIT
DEBUG,set([473]),269,DEBUG
DEBUG,set([477]),270,DEBUG
DEBUG,set([479]),271,DEBUG
INFO,set([480]),272,INFO
DEBUG,set([483]),273,DEBUG
DEBUG,set([485]),274,DEBUG
DEBUG,set([486]),275,DEBUG
DEBUG,set([487]),276,DEBUG
DEBUG,set([488]),277,DEBUG
DEBUG,set([489]),278,DEBUG
DEBUG,set([491]),279,DEBUG
DEBUG,set([492]),280,DEBUG
DEBUG,set([493]),281,DEBUG
DEBUG,set([496]),282,DEBUG
DEBUG,set([497]),283,DEBUG
AUDIT,set([498]),284,AUDIT
DEBUG,set([501]),285,DEBUG
DEBUG,set([504]),286,DEBUG
DEBUG,set([509]),287,DEBUG
DEBUG,set([510]),288,DEBUG
AUDIT,set([511]),289,AUDIT
DEBUG,set([514]),290,DEBUG
DEBUG,set([515]),291,DEBUG
AUDIT,set([517]),292,AUDIT
DEBUG,"set([854, 518])",293,DEBUG
AUDIT,set([519]),294,AUDIT
AUDIT,set([521]),295,AUDIT
DEBUG,set([522]),296,DEBUG
DEBUG,set([525]),297,DEBUG
DEBUG,set([526]),298,DEBUG
AUDIT,set([527]),299,AUDIT
DEBUG,set([528]),300,DEBUG
INFO,set([529]),301,INFO
DEBUG,set([530]),302,DEBUG
AUDIT,set([531]),303,AUDIT
AUDIT,set([534]),304,AUDIT
DEBUG,set([535]),305,DEBUG
INFO,set([536]),306,INFO
AUDIT,set([538]),307,AUDIT
DEBUG,set([539]),308,DEBUG
DEBUG,set([540]),309,DEBUG
AUDIT,set([541]),310,AUDIT
DEBUG,set([543]),311,DEBUG
DEBUG,set([544]),312,DEBUG
DEBUG,set([545]),313,DEBUG
DEBUG,"set([618, 548])",314,DEBUG
DEBUG,set([549]),315,DEBUG
DEBUG,set([551]),316,DEBUG
DEBUG,set([552]),317,DEBUG
DEBUG,set([553]),318,DEBUG
DEBUG,set([555]),319,DEBUG
DEBUG,set([557]),320,DEBUG
AUDIT,set([558]),321,AUDIT
AUDIT,set([560]),322,AUDIT
INFO,set([562]),323,INFO
DEBUG,set([563]),324,DEBUG
DEBUG,set([564]),325,DEBUG
DEBUG,set([565]),326,DEBUG
DEBUG,set([568]),327,DEBUG
AUDIT,set([570]),328,AUDIT
DEBUG,set([571]),329,DEBUG
DEBUG,set([572]),330,DEBUG
DEBUG,set([573]),331,DEBUG
DEBUG,set([574]),332,DEBUG
DEBUG,set([575]),333,DEBUG
DEBUG,set([576]),334,DEBUG
DEBUG,set([578]),335,DEBUG
DEBUG,set([580]),336,DEBUG
INFO,set([582]),337,INFO
AUDIT,set([583]),338,AUDIT
DEBUG,set([587]),339,DEBUG
AUDIT,set([588]),340,AUDIT
DEBUG,set([591]),341,DEBUG
DEBUG,set([592]),342,DEBUG
DEBUG,set([593]),343,DEBUG
DEBUG,set([594]),344,DEBUG
AUDIT,set([596]),345,AUDIT
DEBUG,set([598]),346,DEBUG
DEBUG,set([599]),347,DEBUG
DEBUG,set([604]),348,DEBUG
AUDIT,set([605]),349,AUDIT
DEBUG,set([606]),350,DEBUG
DEBUG,set([608]),351,DEBUG
DEBUG,set([610]),352,DEBUG
DEBUG,set([611]),353,DEBUG
DEBUG,set([612]),354,DEBUG
DEBUG,set([615]),355,DEBUG
DEBUG,set([616]),356,DEBUG
AUDIT,set([617]),357,AUDIT
DEBUG,set([619]),358,DEBUG
DEBUG,set([621]),359,DEBUG
DEBUG,set([624]),360,DEBUG
DEBUG,set([625]),361,DEBUG
DEBUG,set([626]),362,DEBUG
DEBUG,set([630]),363,DEBUG
DEBUG,set([631]),364,DEBUG
INFO,set([632]),365,INFO
DEBUG,set([633]),366,DEBUG
INFO,set([634]),367,INFO
AUDIT,set([638]),368,AUDIT
DEBUG,set([641]),369,DEBUG
DEBUG,set([642]),370,DEBUG
DEBUG,set([644]),371,DEBUG
DEBUG,set([646]),372,DEBUG
DEBUG,set([648]),373,DEBUG
DEBUG,set([651]),374,DEBUG
DEBUG,"set([652, 661, 934])",375,DEBUG
DEBUG,set([653]),376,DEBUG
DEBUG,set([654]),377,DEBUG
DEBUG,set([655]),378,DEBUG
DEBUG,set([656]),379,DEBUG
DEBUG,set([658]),380,DEBUG
DEBUG,set([660]),381,DEBUG
DEBUG,set([663]),382,DEBUG
DEBUG,set([664]),383,DEBUG
DEBUG,set([666]),384,DEBUG
DEBUG,set([667]),385,DEBUG
DEBUG,set([668]),386,DEBUG
DEBUG,set([671]),387,DEBUG
DEBUG,set([673]),388,DEBUG
AUDIT,set([675]),389,AUDIT
DEBUG,set([677]),390,DEBUG
DEBUG,set([678]),391,DEBUG
DEBUG,set([680]),392,DEBUG
DEBUG,set([684]),393,DEBUG
DEBUG,set([687]),394,DEBUG
DEBUG,set([692]),395,DEBUG
AUDIT,set([696]),396,AUDIT
DEBUG,set([697]),397,DEBUG
DEBUG,set([699]),398,DEBUG
DEBUG,set([700]),399,DEBUG
DEBUG,set([701]),400,DEBUG
DEBUG,set([703]),401,DEBUG
DEBUG,set([704]),402,DEBUG
DEBUG,set([705]),403,DEBUG
DEBUG,set([708]),404,DEBUG
DEBUG,set([709]),405,DEBUG
DEBUG,set([711]),406,DEBUG
AUDIT,set([713]),407,AUDIT
DEBUG,set([714]),408,DEBUG
DEBUG,set([715]),409,DEBUG
DEBUG,set([717]),410,DEBUG
DEBUG,set([721]),411,DEBUG
DEBUG,set([722]),412,DEBUG
DEBUG,set([723]),413,DEBUG
DEBUG,set([724]),414,DEBUG
DEBUG,"set([726, 983])",415,DEBUG
DEBUG,set([728]),416,DEBUG
DEBUG,set([729]),417,DEBUG
DEBUG,set([730]),418,DEBUG
DEBUG,set([731]),419,DEBUG
DEBUG,set([736]),420,DEBUG
DEBUG,set([738]),421,DEBUG
DEBUG,set([739]),422,DEBUG
DEBUG,set([742]),423,DEBUG
DEBUG,set([743]),424,DEBUG
DEBUG,set([745]),425,DEBUG
DEBUG,set([746]),426,DEBUG
DEBUG,set([747]),427,DEBUG
DEBUG,set([748]),428,DEBUG
DEBUG,set([749]),429,DEBUG
DEBUG,set([750]),430,DEBUG
DEBUG,set([752]),431,DEBUG
DEBUG,set([753]),432,DEBUG
AUDIT,set([754]),433,AUDIT
DEBUG,set([756]),434,DEBUG
AUDIT,set([758]),435,AUDIT
DEBUG,set([760]),436,DEBUG
DEBUG,set([765]),437,DEBUG
DEBUG,set([766]),438,DEBUG
DEBUG,set([767]),439,DEBUG
DEBUG,set([768]),440,DEBUG
DEBUG,set([769]),441,DEBUG
DEBUG,set([770]),442,DEBUG
DEBUG,set([772]),443,DEBUG
DEBUG,set([773]),444,DEBUG
DEBUG,set([776]),445,DEBUG
DEBUG,set([779]),446,DEBUG
DEBUG,set([780]),447,DEBUG
DEBUG,set([781]),448,DEBUG
DEBUG,set([782]),449,DEBUG
AUDIT,set([784]),450,AUDIT
DEBUG,set([786]),451,DEBUG
DEBUG,set([790]),452,DEBUG
DEBUG,set([791]),453,DEBUG
AUDIT,set([792]),454,AUDIT
DEBUG,set([796]),455,DEBUG
DEBUG,set([797]),456,DEBUG
DEBUG,set([798]),457,DEBUG
DEBUG,set([800]),458,DEBUG
DEBUG,set([801]),459,DEBUG
DEBUG,set([802]),460,DEBUG
DEBUG,set([803]),461,DEBUG
DEBUG,set([805]),462,DEBUG
DEBUG,set([806]),463,DEBUG
DEBUG,set([807]),464,DEBUG
DEBUG,set([808]),465,DEBUG
AUDIT,set([809]),466,AUDIT
DEBUG,set([814]),467,DEBUG
DEBUG,set([816]),468,DEBUG
DEBUG,set([817]),469,DEBUG
DEBUG,set([819]),470,DEBUG
AUDIT,set([821]),471,AUDIT
DEBUG,set([822]),472,DEBUG
DEBUG,set([824]),473,DEBUG
DEBUG,"set([826, 966])",474,DEBUG
DEBUG,set([828]),475,DEBUG
DEBUG,set([829]),476,DEBUG
DEBUG,set([830]),477,DEBUG
DEBUG,set([835]),478,DEBUG
INFO,set([837]),479,INFO
DEBUG,set([838]),480,DEBUG
DEBUG,set([839]),481,DEBUG
DEBUG,set([840]),482,DEBUG
DEBUG,set([842]),483,DEBUG
DEBUG,set([843]),484,DEBUG
AUDIT,set([845]),485,AUDIT
DEBUG,set([847]),486,DEBUG
DEBUG,set([849]),487,DEBUG
DEBUG,set([850]),488,DEBUG
DEBUG,set([852]),489,DEBUG
DEBUG,set([853]),490,DEBUG
DEBUG,set([855]),491,DEBUG
AUDIT,set([856]),492,AUDIT
DEBUG,set([858]),493,DEBUG
DEBUG,set([860]),494,DEBUG
DEBUG,set([861]),495,DEBUG
DEBUG,set([863]),496,DEBUG
INFO,set([864]),497,INFO
DEBUG,set([865]),498,DEBUG
DEBUG,set([866]),499,DEBUG
DEBUG,set([870]),500,DEBUG
AUDIT,set([871]),501,AUDIT
DEBUG,set([872]),502,DEBUG
DEBUG,set([875]),503,DEBUG
DEBUG,set([876]),504,DEBUG
DEBUG,set([877]),505,DEBUG
DEBUG,set([880]),506,DEBUG
DEBUG,set([881]),507,DEBUG
DEBUG,set([882]),508,DEBUG
DEBUG,set([883]),509,DEBUG
DEBUG,set([884]),510,DEBUG
DEBUG,set([885]),511,DEBUG
DEBUG,set([886]),512,DEBUG
DEBUG,set([888]),513,DEBUG
DEBUG,set([891]),514,DEBUG
DEBUG,set([892]),515,DEBUG
DEBUG,set([899]),516,DEBUG
DEBUG,set([900]),517,DEBUG
DEBUG,set([901]),518,DEBUG
DEBUG,set([902]),519,DEBUG
DEBUG,set([903]),520,DEBUG
DEBUG,set([904]),521,DEBUG
DEBUG,set([905]),522,DEBUG
DEBUG,set([906]),523,DEBUG
DEBUG,set([907]),524,DEBUG
DEBUG,set([910]),525,DEBUG
DEBUG,set([911]),526,DEBUG
DEBUG,set([912]),527,DEBUG
DEBUG,set([914]),528,DEBUG
DEBUG,set([915]),529,DEBUG
DEBUG,set([917]),530,DEBUG
DEBUG,set([919]),531,DEBUG
DEBUG,set([920]),532,DEBUG
DEBUG,set([921]),533,DEBUG
DEBUG,set([922]),534,DEBUG
DEBUG,set([924]),535,DEBUG
DEBUG,set([926]),536,DEBUG
DEBUG,set([927]),537,DEBUG
DEBUG,set([928]),538,DEBUG
DEBUG,set([929]),539,DEBUG
DEBUG,set([930]),540,DEBUG
INFO,set([931]),541,INFO
DEBUG,set([932]),542,DEBUG
DEBUG,set([933]),543,DEBUG
DEBUG,set([936]),544,DEBUG
AUDIT,set([937]),545,AUDIT
DEBUG,set([938]),546,DEBUG
DEBUG,set([946]),547,DEBUG
DEBUG,set([948]),548,DEBUG
DEBUG,set([950]),549,DEBUG
DEBUG,set([951]),550,DEBUG
DEBUG,set([953]),551,DEBUG
DEBUG,set([954]),552,DEBUG
DEBUG,set([958]),553,DEBUG
DEBUG,set([959]),554,DEBUG
DEBUG,set([960]),555,DEBUG
DEBUG,set([961]),556,DEBUG
DEBUG,set([962]),557,DEBUG
DEBUG,set([964]),558,DEBUG
DEBUG,set([965]),559,DEBUG
DEBUG,set([968]),560,DEBUG
DEBUG,set([969]),561,DEBUG
DEBUG,set([971]),562,DEBUG
DEBUG,set([973]),563,DEBUG
DEBUG,set([974]),564,DEBUG
AUDIT,set([978]),565,AUDIT
AUDIT,set([980]),566,AUDIT
DEBUG,set([984]),567,DEBUG
DEBUG,set([985]),568,DEBUG
DEBUG,set([986]),569,DEBUG
DEBUG,set([988]),570,DEBUG
DEBUG,set([991]),571,DEBUG
DEBUG,set([992]),572,DEBUG
DEBUG,set([993]),573,DEBUG
DEBUG,set([998]),574,DEBUG
DEBUG,set([999]),575,DEBUG
DEBUG,set([1002]),576,DEBUG
DEBUG,set([1003]),577,DEBUG
DEBUG,set([1005]),578,DEBUG
DEBUG,set([1006]),579,DEBUG
DEBUG,set([1007]),580,DEBUG
DEBUG,set([1008]),581,DEBUG
DEBUG,set([1009]),582,DEBUG
DEBUG,set([1010]),583,DEBUG
INFO,set([1011]),584,INFO
DEBUG,set([1012]),585,DEBUG
DEBUG,set([1013]),586,DEBUG
DEBUG,set([1014]),587,DEBUG
INFO,set([1017]),588,INFO
DEBUG,set([1018]),589,DEBUG
DEBUG,set([1019]),590,DEBUG
DEBUG,set([1020]),591,DEBUG
DEBUG,set([1021]),592,DEBUG
DEBUG,set([1024]),593,DEBUG
DEBUG,set([1025]),594,DEBUG
DEBUG,set([1027]),595,DEBUG
DEBUG,set([1028]),596,DEBUG
AUDIT,set([1029]),597,AUDIT
AUDIT,set([1030]),598,AUDIT
DEBUG,set([1032]),599,DEBUG
DEBUG,set([1033]),600,DEBUG
DEBUG,set([1035]),601,DEBUG
DEBUG,set([1036]),602,DEBUG
DEBUG,set([1037]),603,DEBUG
AUDIT,set([1038]),604,AUDIT
DEBUG,set([1039]),605,DEBUG
DEBUG,set([1040]),606,DEBUG
INFO,set([1042]),607,INFO
DEBUG,set([1044]),608,DEBUG
DEBUG,set([1045]),609,DEBUG
DEBUG,set([1046]),610,DEBUG
DEBUG,set([0]),0,DEBUG
DEBUG,"set([1, 775, 137, 139, 268, 783, 16, 725, 147, 788, 405, 303, 285, 286, 415, 160, 815, 162, 165, 994, 649, 682, 300, 175, 434, 51, 693, 567, 825, 444, 189, 224, 834, 196, 203, 333, 848, 338, 979, 340, 597, 89, 474, 859, 990, 96, 887, 226, 355, 740, 789, 360, 490, 109, 878, 916, 403, 503, 121, 506, 123, 381, 507])",1,DEBUG
DEBUG,set([2]),2,DEBUG
DEBUG,set([3]),3,DEBUG
DEBUG,set([4]),4,DEBUG
DEBUG,set([5]),5,DEBUG
DEBUG,set([6]),6,DEBUG
DEBUG,set([7]),7,DEBUG
DEBUG,set([8]),8,DEBUG
DEBUG,set([9]),9,DEBUG
DEBUG,"set([513, 130, 981, 645, 833, 520, 10, 908, 386, 270, 272, 145, 532, 662, 23, 281, 794, 799, 419, 710, 935, 681, 14, 427, 812, 685, 142, 947, 181, 439, 312, 372, 956, 317, 447, 897, 449, 323, 452, 581, 198, 967, 957, 695, 716, 589, 463, 595, 213, 823, 476, 95, 609, 996, 613, 1041, 495, 113, 242, 244, 250, 298, 255])",10,DEBUG
DEBUG,"set([291, 836, 325, 777, 11, 918, 941, 873, 818, 179, 85, 246, 841, 1047, 761, 879])",11,DEBUG
DEBUG,"set([640, 257, 363, 516, 1031, 12, 344, 18, 643, 404, 302, 280, 409, 154, 559, 157, 410, 161, 674, 795, 164, 550, 169, 554, 683, 556, 174, 29, 944, 690, 694, 952, 443, 316, 191, 65, 67, 69, 72, 970, 844, 77, 975, 336, 216, 90, 987, 297, 734, 353, 482, 955, 868, 229, 657, 107, 623, 114, 500, 119, 378, 383])",12,DEBUG
DEBUG,"set([128, 512, 1026, 262, 391, 13, 273, 963, 407, 923, 30, 672, 35, 679, 909, 939, 46, 177, 52, 373, 579, 584, 75, 718, 629, 976, 977, 757, 982, 475, 890, 484, 358, 913, 112, 117, 375, 505, 762, 508, 895])",13,DEBUG
DEBUG,"set([256, 385, 258, 261, 135, 136, 778, 744, 397, 15, 146, 1043, 21, 278, 25, 26, 542, 287, 293, 406, 168, 41, 171, 306, 989, 178, 755, 566, 313, 399, 60, 190, 448, 707, 737, 458, 461, 846, 212, 446, 601, 602, 91, 733, 478, 421, 481, 227, 359, 379, 620, 367, 296, 627, 628, 62, 502, 1015, 889, 251, 764, 1023])",14,DEBUG
DEBUG,set([17]),15,DEBUG
DEBUG,set([19]),16,DEBUG
DEBUG,set([20]),17,DEBUG
DEBUG,set([22]),18,DEBUG
DEBUG,set([24]),19,DEBUG
DEBUG,set([27]),20,DEBUG
DEBUG,set([28]),21,DEBUG
AUDIT,set([31]),22,AUDIT
DEBUG,set([32]),23,DEBUG
DEBUG,set([33]),24,DEBUG
AUDIT,set([34]),25,AUDIT
DEBUG,set([36]),26,DEBUG
AUDIT,set([37]),27,AUDIT
DEBUG,set([38]),28,DEBUG
DEBUG,"set([66, 292, 39, 650, 727, 428, 429, 398, 719, 401, 82, 561, 471, 184, 122, 639, 159])",29,DEBUG
DEBUG,set([40]),30,DEBUG
INFO,set([42]),31,INFO
DEBUG,set([43]),32,DEBUG
DEBUG,set([44]),33,DEBUG
DEBUG,set([45]),34,DEBUG
DEBUG,set([47]),35,DEBUG
DEBUG,set([48]),36,DEBUG
DEBUG,set([49]),37,DEBUG
INFO,set([50]),38,INFO
DEBUG,"set([61, 499, 180, 53, 345, 349])",39,DEBUG
DEBUG,set([54]),40,DEBUG
DEBUG,set([55]),41,DEBUG
DEBUG,set([56]),42,DEBUG
DEBUG,set([57]),43,DEBUG
AUDIT,set([58]),44,AUDIT
AUDIT,set([59]),45,AUDIT
DEBUG,set([63]),46,DEBUG
DEBUG,set([64]),47,DEBUG
AUDIT,set([68]),48,AUDIT
DEBUG,set([70]),49,DEBUG
DEBUG,"set([896, 771, 676, 357, 774, 103, 104, 636, 586, 71, 712, 785, 813, 368, 689, 691, 84, 470, 569, 284, 702])",50,DEBUG
DEBUG,set([73]),51,DEBUG
AUDIT,set([74]),52,AUDIT
DEBUG,set([76]),53,DEBUG
DEBUG,"set([432, 78])",54,DEBUG
DEBUG,set([79]),55,DEBUG
DEBUG,"set([898, 647, 392, 940, 787, 533, 793, 804, 172, 943, 350, 185, 314, 187, 706, 80, 867, 698, 862, 98, 763, 997, 614, 635, 894])",56,DEBUG
DEBUG,set([81]),57,DEBUG
AUDIT,set([83]),58,AUDIT
DEBUG,set([86]),59,DEBUG
AUDIT,set([87]),60,AUDIT
DEBUG,set([88]),61,DEBUG
DEBUG,set([92]),62,DEBUG
DEBUG,"set([324, 869, 455, 1001, 234, 811, 247, 600, 377, 93, 831])",63,DEBUG
DEBUG,set([94]),64,DEBUG
DEBUG,set([97]),65,DEBUG
DEBUG,set([99]),66,DEBUG
DEBUG,set([100]),67,DEBUG
DEBUG,"set([832, 225, 101, 577, 688, 603])",68,DEBUG
DEBUG,set([102]),69,DEBUG
DEBUG,set([105]),70,DEBUG
INFO,set([106]),71,INFO
DEBUG,"set([108, 949])",72,DEBUG
DEBUG,set([110]),73,DEBUG
DEBUG,set([111]),74,DEBUG
DEBUG,set([115]),75,DEBUG
DEBUG,set([116]),76,DEBUG
DEBUG,set([118]),77,DEBUG
DEBUG,"set([120, 820, 356])",78,DEBUG
DEBUG,set([124]),79,DEBUG
DEBUG,set([125]),80,DEBUG
DEBUG,set([126]),81,DEBUG
DEBUG,set([127]),82,DEBUG
AUDIT,set([129]),83,AUDIT
DEBUG,set([131]),84,DEBUG
DEBUG,"set([546, 132, 524, 686, 925, 720, 659, 857, 851, 827, 732, 669, 607])",85,DEBUG
DEBUG,set([133]),86,DEBUG
DEBUG,set([134]),87,DEBUG
DEBUG,set([138]),88,DEBUG
DEBUG,"set([1004, 140])",89,DEBUG
DEBUG,set([141]),90,DEBUG
DEBUG,set([143]),91,DEBUG
DEBUG,set([144]),92,DEBUG
DEBUG,set([148]),93,DEBUG
DEBUG,set([149]),94,DEBUG
DEBUG,"set([408, 810, 150, 735])",95,DEBUG
AUDIT,set([151]),96,AUDIT
DEBUG,set([152]),97,DEBUG
DEBUG,set([153]),98,DEBUG
DEBUG,"set([1022, 266, 155, 173, 590])",99,DEBUG
DEBUG,set([156]),100,DEBUG
DEBUG,set([158]),101,DEBUG
DEBUG,set([163]),102,DEBUG
DEBUG,set([166]),103,DEBUG
DEBUG,set([167]),104,DEBUG
DEBUG,set([170]),105,DEBUG
DEBUG,"set([176, 622])",106,DEBUG
AUDIT,set([182]),107,AUDIT
DEBUG,set([183]),108,DEBUG
DEBUG,set([186]),109,DEBUG
DEBUG,set([188]),110,DEBUG
DEBUG,set([192]),111,DEBUG
DEBUG,set([193]),112,DEBUG
DEBUG,set([194]),113,DEBUG
DEBUG,set([195]),114,DEBUG
DEBUG,"set([1000, 523, 197])",115,DEBUG
DEBUG,set([199]),116,DEBUG
DEBUG,set([200]),117,DEBUG
DEBUG,set([201]),118,DEBUG
DEBUG,set([202]),119,DEBUG
DEBUG,set([204]),120,DEBUG
DEBUG,"set([741, 547, 335, 205, 271])",121,DEBUG
DEBUG,set([206]),122,DEBUG
DEBUG,set([207]),123,DEBUG
DEBUG,set([208]),124,DEBUG
DEBUG,set([209]),125,DEBUG
DEBUG,set([210]),126,DEBUG
DEBUG,set([211]),127,DEBUG
DEBUG,set([214]),128,DEBUG
DEBUG,set([215]),129,DEBUG
DEBUG,set([217]),130,DEBUG
DEBUG,set([218]),131,DEBUG
DEBUG,set([219]),132,DEBUG
DEBUG,set([220]),133,DEBUG
DEBUG,set([221]),134,DEBUG
DEBUG,"set([424, 942, 222])",135,DEBUG
DEBUG,set([223]),136,DEBUG
DEBUG,"set([468, 995, 228])",137,DEBUG
DEBUG,set([230]),138,DEBUG
DEBUG,set([231]),139,DEBUG
DEBUG,set([232]),140,DEBUG
DEBUG,set([233]),141,DEBUG
AUDIT,set([235]),142,AUDIT
DEBUG,set([236]),143,DEBUG
AUDIT,set([237]),144,AUDIT
INFO,set([238]),145,INFO
DEBUG,set([239]),146,DEBUG
DEBUG,set([240]),147,DEBUG
AUDIT,set([241]),148,AUDIT
DEBUG,set([243]),149,DEBUG
DEBUG,set([245]),150,DEBUG
DEBUG,set([248]),151,DEBUG
DEBUG,set([249]),152,DEBUG
DEBUG,set([252]),153,DEBUG
DEBUG,set([253]),154,DEBUG
DEBUG,set([254]),155,DEBUG
DEBUG,set([259]),156,DEBUG
AUDIT,set([260]),157,AUDIT
DEBUG,set([263]),158,DEBUG
DEBUG,set([264]),159,DEBUG
DEBUG,"set([265, 494, 585])",160,DEBUG
DEBUG,set([267]),161,DEBUG
DEBUG,set([269]),162,DEBUG
DEBUG,set([274]),163,DEBUG
DEBUG,set([275]),164,DEBUG
DEBUG,"set([1016, 276])",165,DEBUG
DEBUG,set([277]),166,DEBUG
DEBUG,set([279]),167,DEBUG
WARNING,set([282]),168,WARNING
DEBUG,set([283]),169,DEBUG
DEBUG,set([288]),170,DEBUG
DEBUG,set([289]),171,DEBUG
AUDIT,set([290]),172,AUDIT
DEBUG,"set([294, 751])",173,DEBUG
DEBUG,set([295]),174,DEBUG
AUDIT,set([299]),175,AUDIT
DEBUG,set([301]),176,DEBUG
DEBUG,set([304]),177,DEBUG
DEBUG,set([305]),178,DEBUG
DEBUG,set([307]),179,DEBUG
AUDIT,set([308]),180,AUDIT
DEBUG,set([309]),181,DEBUG
DEBUG,set([310]),182,DEBUG
DEBUG,set([311]),183,DEBUG
DEBUG,"set([1034, 315])",184,DEBUG
DEBUG,"set([537, 318])",185,DEBUG
DEBUG,set([319]),186,DEBUG
DEBUG,set([320]),187,DEBUG
DEBUG,set([321]),188,DEBUG
DEBUG,set([322]),189,DEBUG
AUDIT,set([326]),190,AUDIT
AUDIT,set([327]),191,AUDIT
AUDIT,set([328]),192,AUDIT
DEBUG,set([329]),193,DEBUG
DEBUG,set([330]),194,DEBUG
DEBUG,set([331]),195,DEBUG
DEBUG,set([332]),196,DEBUG
DEBUG,set([334]),197,DEBUG
DEBUG,set([337]),198,DEBUG
DEBUG,set([339]),199,DEBUG
DEBUG,set([341]),200,DEBUG
AUDIT,set([342]),201,AUDIT
DEBUG,set([343]),202,DEBUG
DEBUG,set([346]),203,DEBUG
AUDIT,set([347]),204,AUDIT
DEBUG,set([348]),205,DEBUG
DEBUG,"set([362, 351])",206,DEBUG
DEBUG,set([352]),207,DEBUG
DEBUG,"set([354, 972])",208,DEBUG
DEBUG,set([361]),209,DEBUG
DEBUG,set([364]),210,DEBUG
DEBUG,set([365]),211,DEBUG
DEBUG,set([366]),212,DEBUG
DEBUG,set([369]),213,DEBUG
DEBUG,set([370]),214,DEBUG
DEBUG,set([371]),215,DEBUG
DEBUG,set([374]),216,DEBUG
AUDIT,set([376]),217,AUDIT
DEBUG,set([380]),218,DEBUG
DEBUG,set([382]),219,DEBUG
DEBUG,set([384]),220,DEBUG
DEBUG,set([387]),221,DEBUG
INFO,set([388]),222,INFO
DEBUG,set([389]),223,DEBUG
DEBUG,set([390]),224,DEBUG
AUDIT,set([393]),225,AUDIT
DEBUG,set([394]),226,DEBUG
DEBUG,set([395]),227,DEBUG
DEBUG,set([396]),228,DEBUG
DEBUG,set([400]),229,DEBUG
DEBUG,set([402]),230,DEBUG
DEBUG,set([411]),231,DEBUG
DEBUG,set([412]),232,DEBUG
DEBUG,set([413]),233,DEBUG
DEBUG,set([414]),234,DEBUG
DEBUG,set([416]),235,DEBUG
DEBUG,set([417]),236,DEBUG
DEBUG,set([418]),237,DEBUG
DEBUG,set([420]),238,DEBUG
DEBUG,set([422]),239,DEBUG
DEBUG,"set([945, 423])",240,DEBUG
DEBUG,set([425]),241,DEBUG
DEBUG,set([426]),242,DEBUG
AUDIT,set([430]),243,AUDIT
AUDIT,set([431]),244,AUDIT
INFO,set([433]),245,INFO
DEBUG,set([435]),246,DEBUG
DEBUG,set([436]),247,DEBUG
DEBUG,set([437]),248,DEBUG
DEBUG,set([438]),249,DEBUG
DEBUG,"set([440, 665, 637, 670, 759])",250,DEBUG
DEBUG,set([441]),251,DEBUG
DEBUG,set([442]),252,DEBUG
DEBUG,set([445]),253,DEBUG
DEBUG,set([450]),254,DEBUG
DEBUG,set([451]),255,DEBUG
DEBUG,set([453]),256,DEBUG
AUDIT,set([454]),257,AUDIT
DEBUG,set([456]),258,DEBUG
DEBUG,set([457]),259,DEBUG
DEBUG,set([459]),260,DEBUG
DEBUG,set([460]),261,DEBUG
DEBUG,set([462]),262,DEBUG
DEBUG,set([464]),263,DEBUG
DEBUG,set([465]),264,DEBUG
DEBUG,"set([466, 874, 893])",265,DEBUG
DEBUG,set([467]),266,DEBUG
DEBUG,set([469]),267,DEBUG
AUDIT,set([472]),268,AUDIT
DEBUG,set([473]),269,DEBUG
DEBUG,set([477]),270,DEBUG
DEBUG,set([479]),271,DEBUG
INFO,set([480]),272,INFO
DEBUG,set([483]),273,DEBUG
DEBUG,set([485]),274,DEBUG
DEBUG,set([486]),275,DEBUG
DEBUG,set([487]),276,DEBUG
DEBUG,set([488]),277,DEBUG
DEBUG,set([489]),278,DEBUG
DEBUG,set([491]),279,DEBUG
DEBUG,set([492]),280,DEBUG
DEBUG,set([493]),281,DEBUG
DEBUG,set([496]),282,DEBUG
DEBUG,set([497]),283,DEBUG
AUDIT,set([498]),284,AUDIT
DEBUG,set([501]),285,DEBUG
DEBUG,set([504]),286,DEBUG
DEBUG,set([509]),287,DEBUG
DEBUG,set([510]),288,DEBUG
AUDIT,set([511]),289,AUDIT
DEBUG,set([514]),290,DEBUG
DEBUG,set([515]),291,DEBUG
AUDIT,set([517]),292,AUDIT
DEBUG,"set([854, 518])",293,DEBUG
AUDIT,set([519]),294,AUDIT
AUDIT,set([521]),295,AUDIT
DEBUG,set([522]),296,DEBUG
DEBUG,set([525]),297,DEBUG
DEBUG,set([526]),298,DEBUG
AUDIT,set([527]),299,AUDIT
DEBUG,set([528]),300,DEBUG
INFO,set([529]),301,INFO
DEBUG,set([530]),302,DEBUG
AUDIT,set([531]),303,AUDIT
AUDIT,set([534]),304,AUDIT
DEBUG,set([535]),305,DEBUG
INFO,set([536]),306,INFO
AUDIT,set([538]),307,AUDIT
DEBUG,set([539]),308,DEBUG
DEBUG,set([540]),309,DEBUG
AUDIT,set([541]),310,AUDIT
DEBUG,set([543]),311,DEBUG
DEBUG,set([544]),312,DEBUG
DEBUG,set([545]),313,DEBUG
DEBUG,"set([618, 548])",314,DEBUG
DEBUG,set([549]),315,DEBUG
DEBUG,set([551]),316,DEBUG
DEBUG,set([552]),317,DEBUG
DEBUG,set([553]),318,DEBUG
DEBUG,set([555]),319,DEBUG
DEBUG,set([557]),320,DEBUG
AUDIT,set([558]),321,AUDIT
AUDIT,set([560]),322,AUDIT
INFO,set([562]),323,INFO
DEBUG,set([563]),324,DEBUG
DEBUG,set([564]),325,DEBUG
DEBUG,set([565]),326,DEBUG
DEBUG,set([568]),327,DEBUG
AUDIT,set([570]),328,AUDIT
DEBUG,set([571]),329,DEBUG
DEBUG,set([572]),330,DEBUG
DEBUG,set([573]),331,DEBUG
DEBUG,set([574]),332,DEBUG
DEBUG,set([575]),333,DEBUG
DEBUG,set([576]),334,DEBUG
DEBUG,set([578]),335,DEBUG
DEBUG,set([580]),336,DEBUG
INFO,set([582]),337,INFO
AUDIT,set([583]),338,AUDIT
DEBUG,set([587]),339,DEBUG
AUDIT,set([588]),340,AUDIT
DEBUG,set([591]),341,DEBUG
DEBUG,set([592]),342,DEBUG
DEBUG,set([593]),343,DEBUG
DEBUG,set([594]),344,DEBUG
AUDIT,set([596]),345,AUDIT
DEBUG,set([598]),346,DEBUG
DEBUG,set([599]),347,DEBUG
DEBUG,set([604]),348,DEBUG
AUDIT,set([605]),349,AUDIT
DEBUG,set([606]),350,DEBUG
DEBUG,set([608]),351,DEBUG
DEBUG,set([610]),352,DEBUG
DEBUG,set([611]),353,DEBUG
DEBUG,set([612]),354,DEBUG
DEBUG,set([615]),355,DEBUG
DEBUG,set([616]),356,DEBUG
AUDIT,set([617]),357,AUDIT
DEBUG,set([619]),358,DEBUG
DEBUG,set([621]),359,DEBUG
DEBUG,set([624]),360,DEBUG
DEBUG,set([625]),361,DEBUG
DEBUG,set([626]),362,DEBUG
DEBUG,set([630]),363,DEBUG
DEBUG,set([631]),364,DEBUG
INFO,set([632]),365,INFO
DEBUG,set([633]),366,DEBUG
INFO,set([634]),367,INFO
AUDIT,set([638]),368,AUDIT
DEBUG,set([641]),369,DEBUG
DEBUG,set([642]),370,DEBUG
DEBUG,set([644]),371,DEBUG
DEBUG,set([646]),372,DEBUG
DEBUG,set([648]),373,DEBUG
DEBUG,set([651]),374,DEBUG
DEBUG,"set([652, 661, 934])",375,DEBUG
DEBUG,set([653]),376,DEBUG
DEBUG,set([654]),377,DEBUG
DEBUG,set([655]),378,DEBUG
DEBUG,set([656]),379,DEBUG
DEBUG,set([658]),380,DEBUG
DEBUG,set([660]),381,DEBUG
DEBUG,set([663]),382,DEBUG
DEBUG,set([664]),383,DEBUG
DEBUG,set([666]),384,DEBUG
DEBUG,set([667]),385,DEBUG
DEBUG,set([668]),386,DEBUG
DEBUG,set([671]),387,DEBUG
DEBUG,set([673]),388,DEBUG
AUDIT,set([675]),389,AUDIT
DEBUG,set([677]),390,DEBUG
DEBUG,set([678]),391,DEBUG
DEBUG,set([680]),392,DEBUG
DEBUG,set([684]),393,DEBUG
DEBUG,set([687]),394,DEBUG
DEBUG,set([692]),395,DEBUG
AUDIT,set([696]),396,AUDIT
DEBUG,set([697]),397,DEBUG
DEBUG,set([699]),398,DEBUG
DEBUG,set([700]),399,DEBUG
DEBUG,set([701]),400,DEBUG
DEBUG,set([703]),401,DEBUG
DEBUG,set([704]),402,DEBUG
DEBUG,set([705]),403,DEBUG
DEBUG,set([708]),404,DEBUG
DEBUG,set([709]),405,DEBUG
DEBUG,set([711]),406,DEBUG
AUDIT,set([713]),407,AUDIT
DEBUG,set([714]),408,DEBUG
DEBUG,set([715]),409,DEBUG
DEBUG,set([717]),410,DEBUG
DEBUG,set([721]),411,DEBUG
DEBUG,set([722]),412,DEBUG
DEBUG,set([723]),413,DEBUG
DEBUG,set([724]),414,DEBUG
DEBUG,"set([726, 983])",415,DEBUG
DEBUG,set([728]),416,DEBUG
DEBUG,set([729]),417,DEBUG
DEBUG,set([730]),418,DEBUG
DEBUG,set([731]),419,DEBUG
DEBUG,set([736]),420,DEBUG
DEBUG,set([738]),421,DEBUG
DEBUG,set([739]),422,DEBUG
DEBUG,set([742]),423,DEBUG
DEBUG,set([743]),424,DEBUG
DEBUG,set([745]),425,DEBUG
DEBUG,set([746]),426,DEBUG
DEBUG,set([747]),427,DEBUG
DEBUG,set([748]),428,DEBUG
DEBUG,set([749]),429,DEBUG
DEBUG,set([750]),430,DEBUG
DEBUG,set([752]),431,DEBUG
DEBUG,set([753]),432,DEBUG
AUDIT,set([754]),433,AUDIT
DEBUG,set([756]),434,DEBUG
AUDIT,set([758]),435,AUDIT
DEBUG,set([760]),436,DEBUG
DEBUG,set([765]),437,DEBUG
DEBUG,set([766]),438,DEBUG
DEBUG,set([767]),439,DEBUG
DEBUG,set([768]),440,DEBUG
DEBUG,set([769]),441,DEBUG
DEBUG,set([770]),442,DEBUG
DEBUG,set([772]),443,DEBUG
DEBUG,set([773]),444,DEBUG
DEBUG,set([776]),445,DEBUG
DEBUG,set([779]),446,DEBUG
DEBUG,set([780]),447,DEBUG
DEBUG,set([781]),448,DEBUG
DEBUG,set([782]),449,DEBUG
AUDIT,set([784]),450,AUDIT
DEBUG,set([786]),451,DEBUG
DEBUG,set([790]),452,DEBUG
DEBUG,set([791]),453,DEBUG
AUDIT,set([792]),454,AUDIT
DEBUG,set([796]),455,DEBUG
DEBUG,set([797]),456,DEBUG
DEBUG,set([798]),457,DEBUG
DEBUG,set([800]),458,DEBUG
DEBUG,set([801]),459,DEBUG
DEBUG,set([802]),460,DEBUG
DEBUG,set([803]),461,DEBUG
DEBUG,set([805]),462,DEBUG
DEBUG,set([806]),463,DEBUG
DEBUG,set([807]),464,DEBUG
DEBUG,set([808]),465,DEBUG
AUDIT,set([809]),466,AUDIT
DEBUG,set([814]),467,DEBUG
DEBUG,set([816]),468,DEBUG
DEBUG,set([817]),469,DEBUG
DEBUG,set([819]),470,DEBUG
AUDIT,set([821]),471,AUDIT
DEBUG,set([822]),472,DEBUG
DEBUG,set([824]),473,DEBUG
DEBUG,"set([826, 966])",474,DEBUG
DEBUG,set([828]),475,DEBUG
DEBUG,set([829]),476,DEBUG
DEBUG,set([830]),477,DEBUG
DEBUG,set([835]),478,DEBUG
INFO,set([837]),479,INFO
DEBUG,set([838]),480,DEBUG
DEBUG,set([839]),481,DEBUG
DEBUG,set([840]),482,DEBUG
DEBUG,set([842]),483,DEBUG
DEBUG,set([843]),484,DEBUG
AUDIT,set([845]),485,AUDIT
DEBUG,set([847]),486,DEBUG
DEBUG,set([849]),487,DEBUG
DEBUG,set([850]),488,DEBUG
DEBUG,set([852]),489,DEBUG
DEBUG,set([853]),490,DEBUG
DEBUG,set([855]),491,DEBUG
AUDIT,set([856]),492,AUDIT
DEBUG,set([858]),493,DEBUG
DEBUG,set([860]),494,DEBUG
DEBUG,set([861]),495,DEBUG
DEBUG,set([863]),496,DEBUG
INFO,set([864]),497,INFO
DEBUG,set([865]),498,DEBUG
DEBUG,set([866]),499,DEBUG
DEBUG,set([870]),500,DEBUG
AUDIT,set([871]),501,AUDIT
DEBUG,set([872]),502,DEBUG
DEBUG,set([875]),503,DEBUG
DEBUG,set([876]),504,DEBUG
DEBUG,set([877]),505,DEBUG
DEBUG,set([880]),506,DEBUG
DEBUG,set([881]),507,DEBUG
DEBUG,set([882]),508,DEBUG
DEBUG,set([883]),509,DEBUG
DEBUG,set([884]),510,DEBUG
DEBUG,set([885]),511,DEBUG
DEBUG,set([886]),512,DEBUG
DEBUG,set([888]),513,DEBUG
DEBUG,set([891]),514,DEBUG
DEBUG,set([892]),515,DEBUG
DEBUG,set([899]),516,DEBUG
DEBUG,set([900]),517,DEBUG
DEBUG,set([901]),518,DEBUG
DEBUG,set([902]),519,DEBUG
DEBUG,set([903]),520,DEBUG
DEBUG,set([904]),521,DEBUG
DEBUG,set([905]),522,DEBUG
DEBUG,set([906]),523,DEBUG
DEBUG,set([907]),524,DEBUG
DEBUG,set([910]),525,DEBUG
DEBUG,set([911]),526,DEBUG
DEBUG,set([912]),527,DEBUG
DEBUG,set([914]),528,DEBUG
DEBUG,set([915]),529,DEBUG
DEBUG,set([917]),530,DEBUG
DEBUG,set([919]),531,DEBUG
DEBUG,set([920]),532,DEBUG
DEBUG,set([921]),533,DEBUG
DEBUG,set([922]),534,DEBUG
DEBUG,set([924]),535,DEBUG
DEBUG,set([926]),536,DEBUG
DEBUG,set([927]),537,DEBUG
DEBUG,set([928]),538,DEBUG
DEBUG,set([929]),539,DEBUG
DEBUG,set([930]),540,DEBUG
INFO,set([931]),541,INFO
DEBUG,set([932]),542,DEBUG
DEBUG,set([933]),543,DEBUG
DEBUG,set([936]),544,DEBUG
AUDIT,set([937]),545,AUDIT
DEBUG,set([938]),546,DEBUG
DEBUG,set([946]),547,DEBUG
DEBUG,set([948]),548,DEBUG
DEBUG,set([950]),549,DEBUG
DEBUG,set([951]),550,DEBUG
DEBUG,set([953]),551,DEBUG
DEBUG,set([954]),552,DEBUG
DEBUG,set([958]),553,DEBUG
DEBUG,set([959]),554,DEBUG
DEBUG,set([960]),555,DEBUG
DEBUG,set([961]),556,DEBUG
DEBUG,set([962]),557,DEBUG
DEBUG,set([964]),558,DEBUG
DEBUG,set([965]),559,DEBUG
DEBUG,set([968]),560,DEBUG
DEBUG,set([969]),561,DEBUG
DEBUG,set([971]),562,DEBUG
DEBUG,set([973]),563,DEBUG
DEBUG,set([974]),564,DEBUG
AUDIT,set([978]),565,AUDIT
AUDIT,set([980]),566,AUDIT
DEBUG,set([984]),567,DEBUG
DEBUG,set([985]),568,DEBUG
DEBUG,set([986]),569,DEBUG
DEBUG,set([988]),570,DEBUG
DEBUG,set([991]),571,DEBUG
DEBUG,set([992]),572,DEBUG
DEBUG,set([993]),573,DEBUG
DEBUG,set([998]),574,DEBUG
DEBUG,set([999]),575,DEBUG
DEBUG,set([1002]),576,DEBUG
DEBUG,set([1003]),577,DEBUG
DEBUG,set([1005]),578,DEBUG
DEBUG,set([1006]),579,DEBUG
DEBUG,set([1007]),580,DEBUG
DEBUG,set([1008]),581,DEBUG
DEBUG,set([1009]),582,DEBUG
DEBUG,set([1010]),583,DEBUG
INFO,set([1011]),584,INFO
DEBUG,set([1012]),585,DEBUG
DEBUG,set([1013]),586,DEBUG
DEBUG,set([1014]),587,DEBUG
INFO,set([1017]),588,INFO
DEBUG,set([1018]),589,DEBUG
DEBUG,set([1019]),590,DEBUG
DEBUG,set([1020]),591,DEBUG
DEBUG,set([1021]),592,DEBUG
DEBUG,set([1024]),593,DEBUG
DEBUG,set([1025]),594,DEBUG
DEBUG,set([1027]),595,DEBUG
DEBUG,set([1028]),596,DEBUG
AUDIT,set([1029]),597,AUDIT
AUDIT,set([1030]),598,AUDIT
DEBUG,set([1032]),599,DEBUG
DEBUG,set([1033]),600,DEBUG
DEBUG,set([1035]),601,DEBUG
DEBUG,set([1036]),602,DEBUG
DEBUG,set([1037]),603,DEBUG
AUDIT,set([1038]),604,AUDIT
DEBUG,set([1039]),605,DEBUG
DEBUG,set([1040]),606,DEBUG
INFO,set([1042]),607,INFO
DEBUG,set([1044]),608,DEBUG
DEBUG,set([1045]),609,DEBUG
DEBUG,set([1046]),610,DEBUG
